onset,duration,description
10.0,0.2,blink
43.35397338867188,0.3151741027832031,blink
45.20563888549805,0.1744728088378906,blink
46.545143127441406,0.2476387023925781,blink
57.26445770263672,0.3827133178710937,blink
73.43058013916016,0.1238174438476562,blink
143.5206298828125,0.1238250732421875,blink
156.235595703125,0.1575927734375,blink
190.2450408935547,0.1125640869140625,blink
228.97198486328125,0.13507080078125,blink
230.69419860839844,0.1013031005859375,blink
300.0,0.2,blink
